,video
0,Proyecto 20.mp4
0,Proyecto 21.mp4
0,Proyecto 22.mp4
0,Proyecto 23.mp4
0,Proyecto 24.mp4
0,Proyecto 25.mp4
0,Proyecto 26.mp4
0,Proyecto 28.mp4
0,Proyecto 29.mp4
0,Proyecto 30.mp4
0,Proyecto 31.mp4
0,Proyecto 32.mp4
0,Proyecto 33.mp4
0,Proyecto 34.mp4
0,Proyecto 37.mp4
0,Proyecto 39.mp4
0,Proyecto 40.mp4
0,Proyecto 41.mp4
0,Proyecto 42.mp4
0,Proyecto 43.mp4
0,Proyecto 44.mp4
0,Proyecto 45.mp4
0,Proyecto 46.mp4
0,Proyecto 47.mp4
0,Proyecto 71.mp4
0,Proyecto 72.mp4
0,Proyecto 74.mp4
0,Proyecto 75.mp4
0,Proyecto 76.mp4
0,Proyecto 77.mp4
0,Proyecto 78.mp4
0,Proyecto 79.mp4
0,Proyecto 80.mp4
0,Proyecto 81.mp4
0,Proyecto 82.mp4
0,Proyecto 83.mp4
0,Proyecto 84.mp4
0,Proyecto 85.mp4
0,Proyecto 86.mp4
0,Proyecto 87.mp4
0,Proyecto 89.mp4
0,Proyecto 90.mp4
0,Proyecto 91.mp4
0,Proyecto 92.mp4
0,Proyecto 93.mp4
0,Proyecto 94.mp4
0,Proyecto 95.mp4
0,Proyecto 96.mp4
0,Proyecto 97.mp4
0,Proyecto 98.mp4
0,Proyecto 99.mp4
0,Proyecto 100.mp4
0,Proyecto 1.mp4
0,Proyecto 2.mp4
0,Proyecto 3.mp4
0,Proyecto 4.mp4
0,Proyecto 5.mp4
0,Proyecto 6.mp4
0,Proyecto 7.mp4
0,Proyecto 8.mp4
0,Proyecto 9.mp4
0,Proyecto 10.mp4
0,Proyecto 11.mp4
